{
	"$schema": "https://raw.githubusercontent.com/martinring/tmlanguage/master/tmlanguage.json",
	"name": "Db2Luw",
	"patterns": [
		{
			"include": "#keywords"
		},
		{
			"include": "#constants"
		},
		{
			"include": "#strings"
		},
		{
			"include": "#comments"
		},
		{
			"include": "#datatype"
		},
		{
			"include": "#ddl"
		},
		{
			"include": "#dml"
		},
		{
			"include": "#dcl"
		},
		{
			"include": "#tcl"
		}
	],
	"repository": {
		"keywords":{
			"patterns": [
				{
					"name":"keyword.control.sql.functions",
					"match":"\\b(?i)(DATE_ADD|DATE_SUB|CURRENT_DATE|DATE_FORMAT|CAST|CHAR_LENGTH|avg|checksum_agg|count|count_big|grouping|grouping_id|max|min|sum|stdev|stdevp|var|varp)\\b"
				}
			]
		},
		"datatype":{
			"patterns": [
				{
					"name": "keyword.contol.datatype.sql",
					"match": "\\b(?i)((SMALL|BIG)?INT|INTEGER|DEC(IMAL|FLOAT)?|NUMERIC|FLOAT|REAL|DOUBLE(\\s+PRECISION)?|CHAR(ACTER)?(\\s+SIZE)?|VARCHAR?(\\s+SIZE)?|(((DB)?C)|B)LOB|(VAR)?GRAPHIC|(VAR)?BINARY|DATE(?!\\s+FORMAT)|TIME(?!\\s+FORMAT)|TIMESTAMP|WITH(OUT)?\\s+TIME(\\s+)?ZONE|ROWID|XML)\\b"
				}
			]
		},
		"constants": {
			"patterns": [
				{
					"name": "constant.character.sql",
					"match": "(<|>|=|!)"
				},
				{
					"name": "constant.numeric.sql",
					"match": "\\b[0-9]+\\b"
				}
			]
		},
		"strings": {
			"patterns":[
				{
					"name": "string.quoted.single.sql",
					"begin": "'",
					"end": "'",
					"patterns": [
					  {
						"name": "constant.character.escape.sql",
						"match": "\\\\."
					  }
					]
				},
				{
					"name": "string.quoted.double.sql",
					"begin": "\"",
					"end": "\"",
					"patterns": [
						{
							"name": "constant.character.escape.sql",
							"match": "\\\\."
						}
					]
				}
			]
		},
		"comments": {
			"patterns": [
			  {
				"name": "comment.line.double-dash.sql",
				"begin": "--",
				"end": "\n"
			  },
			  {
				"name": "comment.block.sql",
				"begin": "/[*]",
				"end": "[*](/)"
			  }
			]
		},
		"ddl": {
			"patterns": [
				{
					"name": "keyword.control.sql.ddl.create",
					"match": "\\b(?i)((CREATE(?:\\s+OR\\s+REPLACE)?)\\s+(ALIAS|AUDIT POLICY|BUFFERPOOL|DATABASE PARTITION GROUP|EVENT MONITOR|FUNCTION|FUNCTION MAPPING|GLOBAL TEMPORARY TABLE|HISTOGRAM TEMPLATE|(UNIQUE\\s+)?INDEX|INDEX EXTENSION|METHOD|MODULE|NICKNAME|PROCEDURE|ROLE|SCHEMA|SECURITY LABEL COMPONENT|SECURITY LABEL|SECURITY POLICY|SEQUENCE|SERVICE CLASS|SERVER|TABLE|TABLESPACE|THRESHOLD|TRANSFORM(S)?|TRIGGER|TRUSTED CONTEXT|TYPE|TYPE MAPPING|USER MAPPING FOR|VARIABLE|VIEW|WORK ACTION SET|WORK CLASS SET|WORKLOAD|WRAPPER|DATABASE)?)\\b"
				},
				{
					"name": "keyword.control.sql.ddl.drop",
					"match": "\\b(?i)(DROP(\\s+)(ALIAS|AUDIT POLICY|BUFFERPOOL|DATABASE PARTITION GROUP|EVENT MONITOR|FUNCTION MAPPING|HISTOGRAM TEMPLATE|INDEX|INDEX EXTENSION|MODULE|NICKNAME|PACKAGE|ROLE|SCHEMA|SECURITY LABEL|SECURITY LABEL COMPONENT|SECURITY POLICY|SEQUENCE|SERVER|TABLE|TABLE HIERARCHY|TABLESPACE(S)?|TRANSFORM(S)?|THRESHOLD|TRIGGER|TRUSTED CONTEXT|TYPE|TYPE MAPPING|USER MAPPING FOR(USER|PUBLIC)?|VARIABLE|VIEW HIERARCHY|VIEW|WORK ACTION SET|WORK CLASS SET|WORKLOAD|WRAPPER|XSROBJECT|DATABASE)?)\\b"
				},
				{
					"name": "keyword.control.sql.ddl.alter",
					"match": "\\b(?i)(ALTER\\s+(AUDIT POLICY|BUFFERPOOL|DATABASE PARTITION GROUP|DATABASE|HISTOGRAM TEMPLATE|INDEX|METHOD|MODULE|NICKNAME|COLUMN|PACKAGE|PROCEDURE|SECURITY LABEL COMPONENT|FUNCTION|SEQUENCE|TABLE(SPACE)?|TRIGGER|VIEW|ROLE|SECURITY POLICY|SERVER|SERVICE CLASS|THRESHOLD|TRUSTED CONTEXT|TYPE|USER MAPPING FOR|WORK ACTION SET|WORK CLASS SET|WORKLOAD|WRAPPER|XSROBJECT))\\b"
				},
				{
					"name": "keyword.control.sql.ddl.delete",
					"match": "\\b(?i)(DELETE\\s+FROM)\\b"
				},
				{
					"name": "keyword.control.sql.ddl.truncate",
					"match": "\\b(?i)(TRUNCATE\\s+TABLE)\\b"
				},
				{
					"name": "keyword.control.sql.ddl.rename",
					"match": "\\b(?i)(RENAME\\s+(TABLE(SPACE)?|INDEX))\\b"
				},
				{
					"name": "keyword.control.sql.ddl.1",
					"match": "\\b(?i)((PRIMARY|FOREIGN)\\s+KEY|NOT\\s+NULL|NULL|WITH\\s+DEFAULT|REFERENCES|GENERATED\\s+BY\\s+DEFAULT\\s+AS\\s+IDENTITY|START\\s+WITH|CHECK|IN(OUT)?|OUT|EXTERNAL NAME|ADD ELEMENT|RESTART|SELECT NEXT VALUE|CONCURRENTDBCOORDACTIVITIES|CONCURRENTWORKLOADACTIVITIES|CONCURRENTWORKLOADOCCURRENCES|CONNECTIONIDLETIME|TOTALSCPARTITIONCONNECTIONS|TOTALDBPARTITIONCONNECTIONS|ESTIMATEDSQLCOST|SQLROWSRETURNED|ACTIVITYTOTALTIME|UOWTOTALTIME|SQLTEMPSPACE|AGGSQLTEMPSPACE|SQLROWSREAD|SQLROWSREADINSC|CPUTIME|CPUTIMEINSC|QUEUEDCONNECTIONS|QUEUEDCONNECTIONS UNBOUNDED|QUEUEDACTIVITIES|QUEUEDACTIVITIES UNBOUNDED|CHECKING EVERY|DISABLE)\\b"
				},
				{
					"name": "keyword.control.sql.ddl.2",
					"match": "\\b(?i)(DATE_ADD|DATE_SUB|CURRENT_DATE|DATE_FORMAT|CAST|CHAR_LENGTH|avg|checksum_agg|count|count_big|grouping|grouping_id|max|min|sum|stdev|stdevp|var|varp)\\b"
				},
				{
					"name": "keyword.control.sql.ddl.3",
					"match": "\\b(?i)(ASC|DESC|TO|ONLY|CALL|IS|ON|FOR|DISTINCT|NOT|TOP|PERCENT|BETWEEN|EXISTS|ANY|CASE|ELSE|THEN|WHEN|SOME)\\b"
				},
				{
					"name": "keyword.control.sql.ddl.4",
					"match": "\\b(?i)(ENABLE DECOMPOSITION|DISABLE DECOMPOSITION|OPTIONS|AND VALUES)\\b"
				},
				{
					"name": "keyword.control.sql.ddl.workload_attributes",
					"match": "\\b(?i)(ADD|DROP|ADDRESS|APPLNAME|SYSTEM_USER|SESSION_USER|SESSION_USER GROUP|SESSION_USER ROLE|CURRENT CLIENT_USERID|CURRENT CLIENT_APPLNAME|CURRENT CLIENT_WRKSTNNAME|CURRENT CLIENT_ACCTNG|DISALLOW DB ACCESS|ALLOW DB ACCESS|ENABLE|DISABLE|SERVICE CLASS|UNDER|POSITION BEFORE|POSITION AT|POSITION LAST|POSITION AFTER|ACTIVITY LIFETIME HISTOGRAM TEMPLATE|ACTIVITY QUEUETIME HISTOGRAM TEMPLATE|ACTIVITY EXECUTETIME HISTOGRAM TEMPLATE|ACTIVITY ESTIMATEDCOST HISTOGRAM TEMPLATE|ACTIVITY INTERARRIVALTIME HISTOGRAM TEMPLATE|COLLECT LOCK TIMEOUT DATA WITHOUT HISTORY|COLLECT LOCK TIMEOUT DATA WITH HISTORY)\\b"
				},
				{
					"name": "keyword.control.sql.ddl.truncate_attributes",
					"match": "\\b(?i)(DROP STORAGE|REUSE STORAGE|IGNORE DELETE TRIGGERS|RESTRICT WHEN DELETE TRIGGERS|CONTINUE IDENTITY|IMMEDIATE)\\b"
				},
				{
					"name": "keyword.control.sql.ddl.sp_attributes",
					"match": "\\b(?i)(DECLARE|OPEN|CURRENT DATE|BEGIN|END|LANGUAGE|DYNAMIC RESULT SETS|CONTAINS SQL|READS SQL DATA|MODIFIES SQL DATA|CALLED ON NULL INPUT|SQL|CURSOR WITH RETURN FOR|CURSOR FOR|RESULT SETS|DECLARE EXIT HANDLER FOR NOT FOUND|OLD SAVEPOINT LEVEL|NEW SAVEPOINT LEVEL|INHERIT SPECIAL REGISTERS|EXTERNAL ACTION|NO EXTERNAL ACTION|PARAMETER CCSID|ASCII|UNICODE|AUTONOMOUS|RETURN)\\b"
				}
			]
		},
		"dml": {
			"patterns": [
				{
					"name":"keyword.control.sql.dml.select",
					"match": "\\b(?i)((select(\\s+distinct)?|insert\\s+(ignore\\s+)?into|update|delete|from|AS|VALUES|INTO|set|where|group\\sby|or|like|and|union(\\s+all)?|having|order\\sby|limit|(inner|cross)\\s+join|join|full\\s+outer\\s+join|(left|right)(\\s+outer)?\\s+join|natural(\\s+(left|right)(\\s+outer)?)?\\s+join))\\b"
				},
				{
					"name": "keyword.control.sql.dml.fetch",
					"match": "\\b(?i)((FETCH\\s+(FIRST|NEXT)?)\\s[0-9]+\\s+(ROW(S)?\\s+ONLY)|OFFSET\\s[0-9]+\\s+(ROW(S)?))\\b"
				},
				{
					"name":"keyword.control.sql.dml.between",
					"match":"\\b(?i)(BETWEEN\\s[0-9]+\\sAND\\s[0-9]+|NEXT\\s+VALUE\\s+FOR\\s+)\\b"
				},
				{
					"name":"keyword.control.sql.dml.1",
					"match": "\\b(?i)((IS\\s+)?NOT\\s+)?NULL\\b"
				}
			]
		},
		"tcl": {
			"patterns": [
			  {
				"name": "keyword.control.sql.tcl",
				"match": "\\b(?i)(COMMIT|SAVEPOINT|UNIQUE|RELEASE(\\s+TO)?\\s+SAVEPOINT|ROLLBACK(\\s+TO\\s+SAVEPOINT)?)\\b"
			  },
			  {
				"name": "keyword.control.sql.general",
				"match": "\\b(?i)(ON\\s+ROLLBACK\\s+RETAIN(\\s+(CURSOR|LOCK)S))\\b"
			  }
			]
		},
		"dcl": {
			"patterns": [
				{
					"name": "keyword.control.sql.dcl.database",
					"match": "\\b(?i)((GRANT|REVOKE)\\s+(ACCESSCTRL|BINDADD|CONNECT|CREATETAB|CREATE_EXTERNAL_ROUTINE|CREATE_NOT_FENCED_ROUTINE|DATAACCESS|DBADM|EXPLAIN|IMPLICIT_SCHEMA|LOAD|QUIESCE_CONNECT|SECADM|SQLADM|WLMADM)(\\s*,\\s*(ACCESSCTRL|BINDADD|CONNECT|CREATETAB|CREATE_EXTERNAL_ROUTINE|CREATE_NOT_FENCED_ROUTINE|DATAACCESS|DBADM|EXPLAIN|IMPLICIT_SCHEMA|LOAD|QUIESCE_CONNECT|SECADM|SQLADM|WLMADM))*\\s+ON\\s+DATABASE)\\b"
				},
				{
					"name": "keyword.control.sql.dcl.exemption",
					"match": "\\b(?i)((GRANT|REVOKE)\\s+EXEMPTION\\s+ON\\s+RULE\\s+(ALL|((DB2LBACREADARRAY|DB2LBACREADSET|DB2LBACREADTREE|DB2LBACWRITEARRAY WRITEDOWN|DB2LBACWRITEARRAY WRITEUP|DB2LBACWRITESET|DB2LBACWRITETREE)(\\s*,\\s*(DB2LBACREADARRAY|DB2LBACREADSET|DB2LBACREADTREE|DB2LBACWRITEARRAY WRITEDOWN|DB2LBACWRITEARRAY WRITEUP|DB2LBACWRITESET|DB2LBACWRITETREE))*))\\s+FOR)\\b"
				},
				{
					"name": "keyword.control.sql.dcl.variable",
					"match": "\\b(?i)((GRANT|REVOKE)\\s+(ALL(\\s+PRIVILEGES)?|(READ|WRITE)(\\s*,\\s*(READ|WRITE))*)\\s+ON\\s+VARIABLE)\\b"
				},
				{
					"name": "keyword.control.sql.dcl.index",
					"match": "\\b(?i)((GRANT|REVOKE)\\s+CONTROL\\s+ON\\s+INDEX)\\b"
				},
				{
					"name": "keyword.control.sql.dcl.module",
					"match": "\\b(?i)((GRANT|REVOKE)\\s+EXECUTE\\s+ON\\s+MODULE)\\b"
				},
				{
					"name": "keyword.control.sql.dcl.package",
					"match": "\\b(?i)((GRANT|REVOKE)\\s+((BIND|CONTROL|EXECUTE)(\\s*,\\s*(BIND|CONTROL|EXECUTE))*)\\s+ON\\s+PACKAGE)\\b"
				},
				{
					"name": "keyword.control.sql.dcl.routine",
					"match": "\\b(?i)((GRANT|REVOKE)\\s+EXECUTE\\s+ON\\s+(((SPECIFIC\\s+)?FUNCTION)|((SPECIFIC\\s+)?PROCEDURE)|((SPECIFIC\\s+)?METHOD)))\\b"
				},
				{
					"name": "keyword.control.sql.dcl.role",
					"match": "\\b(?i)((GRANT|REVOKE)\\s+ROLE)\\b"
				},
				{
					"name": "keyword.control.sql.dcl.schema",
					"match": "\\b(?i)((GRANT|REVOKE)\\s+((ALTERIN|CREATEIN|DROPIN)(\\s*,\\s*(ALTERIN|CREATEIN|DROPIN))*)\\s+ON\\s+SCHEMA)\\b"
				},
				{
					"name": "keyword.control.sql.dcl.security",
					"match": "\\b(?i)((GRANT|REVOKE)\\s+SECURITY\\s+LABEL)\\b"
				},
				{
					"name": "keyword.control.sql.dcl.sequence",
					"match": "\\b(?i)((GRANT|REVOKE)\\s+((ALTER|USAGE)(\\s*,\\s*(ALTER|USAGE))*)\\s+ON\\s+SEQUENCE)\\b"
				},
				{
					"name": "keyword.control.sql.dcl.server",
					"match": "\\b(?i)((GRANT|REVOKE)\\s+PASSTHRU\\s+ON\\s+SERVER)\\b"
				},
				{
					"name": "keyword.control.sql.dcl.setsessionuser",
					"match": "\\b(?i)((GRANT|REVOKE)\\s+SETSESSIONUSER\\s+ON\\s+(USER|PUBLIC))\\b"
				},
				{
					"name": "keyword.control.sql.dcl.tablespace",
					"match": "\\b(?i)((GRANT|REVOKE)\\s+USE\\s+OF\\s+(TABLESPACE))\\b"
				},
				{
					"name": "keyword.control.sql.dcl.table-or-view-or-nickname",
					"match": "\\b(?i)((GRANT|REVOKE)\\s+(ALL(\\s+PRIVILEGES)?|(ALTER|CONTROL|DELETE|INDEX|INSERT|REFERENCES(\\s*\\(.+\\))?|SELECT|UPDATE(\\s*\\(.+\\))?)(\\s*,\\s*(ALTER|CONTROL|DELETE|INDEX|INSERT|REFERENCES(\\s*\\(.+\\))?|SELECT|UPDATE(\\s*\\(.+\\))?))*)\\s+ON(\\s+TABLE)?)\\b"
				},
				{
					"name": "keyword.control.sql.dcl.workload",
					"match": "\\b(?i)((GRANT|REVOKE)\\s+USAGE\\s+ON\\s+(WORKLOAD))\\b"
				},
				{
					"name": "keyword.control.sql.dcl.xsrobject",
					"match": "\\b(?i)((GRANT|REVOKE)\\s+USAGE\\s+ON\\s+(XSROBJECT))\\b"
				},
				{
					"name": "keyword.control.sql.dcl.grant",
					"match": "\\b(?i)(WITH\\s+GRANT\\s+OPTION)\\b"
				},
				{
					"name": "keyword.control.sql.dcl.revoke",
					"match": "\\b(?i)(BY(\\s+ALL)?|(NOT\\s+)?INCLUDING\\s+DEPENDENT\\s+PRIVILEGES)\\b"
				},
				{
					"name": "keyword.control.sql.dcl",
					"match": "\\b(?i)(PUBLIC(?!\\s+ALIAS)|REVOKE\\s+PRIVILEGES)\\b"
				},
				{
					"name": "keyword.control.sql.dcl.others",
					"match": "\\b(?i)(FROM|TO|BY ALL|FOR|USER|GROUP|ROLE|PUBLIC)\\b"
				}
			]
		}
	},
	"scopeName": "source.db2_luw"
}