{
  "Db2 Create Table": {
		"prefix": "Db2 Create Table",
		"body": [
			"CREATE TABLE ${1:SchemaName}.${2:TableName}",
			"(",
			"\t${3:Column1} VARCHAR(50),",
			"\t${4:Column2} INT",
			");"
		],
		"description": "Create a new Table"
  },

  "Db2 Create Alias": {
		"prefix": "Db2 Create Alias",
		"body": [
      "CREATE ALIAS ${1:SchemaName}.${2:TableName} FOR ${3:SchemaName}.${4:TableName}"
		],
		"description": "Create a new Alias"
  },

  "Db2 Create Index": {
		"prefix": "Db2 Create Index",
		"body": [
      "CREATE INDEX ${1:IndexName} ON ${2:TableName} (${3:Column1}, ${4:Column2})"
		],
		"description": "Create a new Index"
  },

  "Db2 Create Procedure": {
		"prefix": "Db2 Create Procedure",
		"body": [
      "CREATE PROCEDURE ${1:ProcName} ( IN ${2:Column1} INT, INOUT ${3:Column2} VARCHAR(30), OUT ${4:Column3} DATE )",
      "  DYNAMIC RESULT SETS 2",
      "  LANGUAGE SQL",
      "  BEGIN",
      "    DECLARE cursorName1 CURSOR WITH RETURN FOR",
      "      SELECT 1 FROM SYSIBM.SYSDUMMY1;",
      "    DECLARE cursorName2 CURSOR WITH RETURN FOR",
      "      SELECT 2 FROM SYSIBM.SYSDUMMY1;",
      "    OPEN cursorName1; OPEN cursorName2;",
      "    SET ${5:Column2} = 'success';",
      "    SET ${6:Column3} = CURRENT DATE;",
      "  END"
		],
		"description": "Create a new Procedure"
  },

  "Db2 Create Function": {
		"prefix": "Db2 Create Function",
		"body": [
      "CREATE FUNCTION ${1:Funcname} (",
      "  ${2:Column1}  INTEGER,",
      "  ${3:Column2}  INTEGER )",
      "RETURN INTEGER",
      "IS",
      "BEGIN",
      "  RETURN (${4:Column1} + ${5:Column2}) / 2;",
      "END average;"
		],
		"description": "Create a new Function"
  },
  
  "Db2 Insert Statement": {
		"prefix": "Db2 Insert Statement",
		"body": [
			"INSERT INTO ${1:TableName}",
			"( ${2:Columns1})",
			"VALUES",
			"(${3:Values1});"
		],
		"description": "Insert data into a Table"
  },
  
  "Db2 Select statement": {
    "prefix": "Db2 Select statement",
    "body": [
      "SELECT * FROM ${1:TableorView Name}",
      "\tWHERE ${2:SearchCondition} AND ${3:SearchCondition};"
    ],
    "description": "Select data from a Table or View"
  },

  "Db2 Delete": {
    "prefix": "Db2 Delete Row",
    "body": [
      "DELETE FROM ${1:SchemaName}.${2:TableName} WHERE ${3:Column1} = ${4:Value1}"
    ],
    "description": "Delete a Row"
  },

  "Db2 Drop Table": {
    "prefix": "Db2 Drop Table",
    "body": [
      "DROP TABLE ${1:SchemaName}.${2:TableName}"
    ],
    "description": "Drop a Table"
  },

  "Db2 Drop View": {
    "prefix": "Db2 Drop View",
    "body": [
      "DROP VIEW ${1:SchemaName}.${2:ViewName}"
    ],
    "description": "Drop a View"
  },

  "Db2 Drop Alias": {
    "prefix": "Db2 Drop Alias",
    "body": [
      "DROP Alias ${1:SchemaName}.${2:AliasName}"
    ],
    "description": "Drop an Alias"
  },

  "Db2 Drop Trigger": {
    "prefix": "Db2 Drop Trigger",
    "body": [
      "DROP TRIGGER ${1:SchemaName}.${2:TriggerName}"
    ],
    "description": "Drop a Trigger"
  },

  "Db2 Drop Function": {
    "prefix": "Db2 Drop Function",
    "body": [
      "DROP FUNCTION ${1:SchemaName}.${2:FunctionName}"
    ],
    "description": "Drop a Function"
  },

  "Db2 Drop Procedure": {
    "prefix": "Db2 Drop Procedure",
    "body": [
      "DROP PROCEDURE ${1:SchemaName}.${2:ProcedureName}"
    ],
    "description": "Drop a Procedure"
  },

  "Db2 List Schemas":{
    "prefix": "Db2 List Schemas",
    "body": [
      "select distinct schemaname from (select creator from sysibm.systables union all select schema from sysibm.sysdatatypes union all select schema from sysibm.sysroutines union all select schema from sysibm.systriggers) schemata(schemaname)"
    ],
    "description": "List all schemas in the current database"
  },

  "Db2 List Tables":{
    "prefix": "Db2 List Tables",
    "body": [
      "select NAME from SYSIBM.SYSTABLES where TYPE = 'T' AND CREATOR = ${1:SchemaName} ORDER BY NAME"
    ],
    "description": "List all the Tables in a schema"
  },

  "Db2 List Columns":{
    "prefix": "Db2 List Columns",
    "body": [
      "select NAME, COLTYPE from SYSIBM.SYSCOLUMNS where TBNAME = ${1:TableName} and TBCREATOR = ${2:SchemaTable} ORDER BY COLNO"
      ],
    "description": "List all the columns in a table"
  },

  "Db2 Update": {
    "prefix": "Db2 update",
    "body": [
      "UPDATE ${1:SchemaName}.${2:TableName} SET {3:Column1} = {4:Column1} + 100, {5:Column2} = {6:value1} WHERE {7:Column3} ={8:value2};"
    ],
    "description": "Update the value"
  }
}
