{
	"$schema": "https://raw.githubusercontent.com/martinring/tmlanguage/master/tmlanguage.json",
	"name": "Db2z",
	"patterns": [
		{
			"include": "#keywords"
		},
		{
			"include": "#constants"
		},
		{
			"include": "#strings"
		},
		{
			"include": "#comments"
		},
		{
			"include": "#datatype"
		},
		{
			"include": "#ddl"
		},
		{
			"include": "#dml"
		},
		{
			"include": "#dcl"
		},
		{
			"include": "#tcl"
		}
	],
	"repository": {
		"keywords":{
			"patterns": [
				{
					"name":"keyword.control.sql.z.functions",
					"match":"\\b(?i)(DATE_ADD|DATE_SUB|CURRENT_DATE|DATE_FORMAT|CAST|CHAR_LENGTH|avg|checksum_agg|count|count_big|grouping|grouping_id|max|min|sum|stdev|stdevp|var|varp)\\b"
				}
			]
		},
		"datatype":{
			"patterns": [
				{
					"name": "keyword.contol.datatype.z.sql",
					"match": "\\b(?i)((SMALL|BIG)?INT|INTEGER|DEC(IMAL|FLOAT)?|NUMERIC|FLOAT|REAL|DOUBLE(\\s+PRECISION)?|CHAR(ACTER)?(\\s+SIZE)?|VARCHAR?(\\s+SIZE)?|(((DB)?C)|B)LOB|(VAR)?GRAPHIC|(VAR)?BINARY|DATE(?!\\s+FORMAT)|TIME(?!\\s+FORMAT)|TIMESTAMP|WITH(OUT)?\\s+TIME(\\s+)?ZONE|ROWID|XML)\\b"
				}
			]
		},
		"constants": {
			"patterns": [
				{
					"name": "constant.character.z.sql",
					"match": "(<|>|=|!)"
				},
				{
					"name": "constant.numeric.z.sql",
					"match": "\\b[0-9]+\\b"
				}
			]
		},
		"strings": {
			"patterns":[
				{
					"name": "string.quoted.single.z.sql",
					"begin": "'",
					"end": "'",
					"patterns": [
					  {
						"name": "constant.character.escape.z.sql",
						"match": "\\\\."
					  }
					]
				},
				{
					"name": "string.quoted.double.z.sql",
					"begin": "\"",
					"end": "\"",
					"patterns": [
						{
							"name": "constant.character.escape.z.sql",
							"match": "\\\\."
						}
					]
				}
			]
		},
		"comments": {
			"patterns": [
			  {
				"name": "comment.line.double-dash.z.sql",
				"begin": "--",
				"end": "\n"
			  },
			  {
				"name": "comment.block.z.sql",
				"begin": "/[*]",
				"end": "[*](/)"
			  }
			]
		},
		"ddl": {
			"patterns": [
				{
					"name": "keyword.control.sql.ddl.z.create",
					"match": "\\b(?i)(CREATE\\s+((PUBLIC\\s+)?ALIAS|AUXILIARY TABLE|AUX TABLE|DATABASE|FUNCTION|GLOBAL TEMPORARY TABLE|(UNIQUE\\s+(WHERE NOT NULL\\s+)?)?INDEX|LOB TABLESPACE|MASK|((OR\\s+REPLACE\\s+)?(SPECIFIC\\s+))?PROCEDURE|PERMISSION|ROLE|SEQUENCE|STOGROUP|TABLE(SPACE)?|(OR\\s+REPLACE\\s+)?TRIGGER|TRUSTED CONTEXT|TYPE|VARIABLE|VIEW)?)\\b"
				},
				{
					"name": "keyword.control.sql.ddl.z.drop",
					"match": "\\b(?i)(DROP(\\s+)(ALIAS|DATABASE|(SPECIFIC)?FUNCTION|INDEX|MASK|PACKAGE|PERMISSION|PROCEDURE|ROLE|SEQUENCE|STOGROUP|SYNONYM|TABLE|TABLESPACE|TRIGGER|TRUSTED CONTEXT|TYPE|VARIABLE|VIEW)?)\\b"
				},
				{
					"name": "keyword.control.sql.ddl.z.alter",
					"match": "\\b(?i)(ALTER\\s+(DATABASE|(SPECIFIC\\s+)?FUNCTION|MASK|PERMISSION|PROCEDURE|SEQUENCE|STOGROUP|TABLE(SPACE)?|TRIGGER|TRUSTED CONTEXT|VIEW))\\b"
				},
				{
					"name": "keyword.control.sql.ddl.z.rename",
					"match": "\\b(?i)(RENAME\\s+(TABLE(SPACE)?|INDEX))\\b"
				},
				{
					"name": "keyword.control.sql.ddl.z.delete",
					"match": "\\b(?i)(DELETE\\s+FROM)\\b"
				},
				{
					"name": "keyword.control.sql.ddl.z.truncate",
					"match": "\\b(?i)(TRUNCATE\\s+TABLE)\\b"
				},
				{
					"name": "keyword.control.sql.ddl.z.1",
					"match": "\\b(?i)((PRIMARY|FOREIGN)\\s+KEY|NOT\\s+NULL|NULL|WITH\\s+DEFAULT|REFERENCES|GENERATED\\s+BY\\s+DEFAULT\\s+AS\\s+IDENTITY|START\\s+WITH|CHECK|IN(OUT)?|OUT)\\b"
				},
				{
					"name": "keyword.control.sql.ddl.z.2",
					"match": "\\b(?i)(DATE_ADD|DATE_SUB|CURRENT_DATE|DATE_FORMAT|CAST|CHAR_LENGTH|avg|checksum_agg|count|count_big|grouping|grouping_id|max|min|sum|stdev|stdevp|var|varp)\\b"
				},
				{
					"name": "keyword.control.sql.ddl.z.3",
					"match": "\\b(?i)(ASC|DESC|TO|IS|ON|FOR|DISTINCT|NOT|TOP|PERCENT|BETWEEN|EXISTS|ANY|CASE|ELSE|THEN|WHEN|SOME)\\b"
				},
				{
					"name": "keyword.control.sql.ddl.z.4",
					"match": "\\b(?i)(BUFFERPOOL|INDEXBP|STOGROUP|CCSID|RESTRICT|WHERE CURRENT OF)\\b"
				},
				{
					"name": "keyword.control.sql.ddl.z.truncate_attributes",
					"match": "\\b(?i)(DROP STORAGE|REUSE STORAGE|IGNORE DELETE TRIGGERS|RESTRICT WHEN DELETE TRIGGERS|IMMEDIATE)\\b"
				},
				{
					"name": "keyword.control.sql.ddl.i.sp_attributes",
					"match": "\\b(?i)(NOT DETERMINISTIC|DETERMINISTIC|DECLARE|OPEN|CURRENT DATE|BEGIN|END|LANGUAGE|DYNAMIC RESULT SETS|CONTAINS SQL|READS SQL DATA|MODIFIES SQL DATA|CALLED ON NULL INPUT|PROGRAM NAME|FENCED|NOT FENCED|SQL|CURSOR WITH RETURN FOR|CURSOR FOR|RESULT SETS|DECLARE EXIT HANDLER FOR NOT FOUND|OLD SAVEPOINT LEVEL|NEW SAVEPOINT LEVEL|INHERIT SPECIAL REGISTERS|EXTERNAL ACTION|NO EXTERNAL ACTION|PARAMETER CCSID|ASCII|UNICODE|EBCDIC|QUALIFIER|AUTONOMOUS|RETURN|DISALLOW DEBUG MODE|ALLOW DEBUG MODE|DISABLE DEBUG MODE|PROGRAM TYPE MAIN|PROGRAM TYPE SUB|CONCURRENT ACCESS RESOLUTION|SYSTEM_TIME SENSITIVE YES|SYSTEM_TIME SENSITIVE NO|ASUTIME LIMIT|ASUTIME NO LIMIT|WLM ENVIRONMENT FOR DEBUG MODE|DEFER PREPARE|NODEFER PREPARE|CURRENT DATA NO|CURRENT DATA YES|DYNAMICRULES RUN|DYNAMICRULES BIND|DYNAMICRULES DEFINEBIND|DYNAMICRULES DEFINERUN|DYNAMICRULES INVOKEBIND|DYNAMICRULES INVOKERUN|APPLICATION ENCODING SCHEME|QUERY ACCELERATION)\\b"
				}
			]
		},
		"dml": {
			"patterns": [
				{
					"name":"keyword.control.sql.dml.z.select",
					"match": "\\b(?i)((select(\\s+distinct)?|insert\\s+(ignore\\s+)?into|update|delete|from|AS|VALUES|INTO|set|where|group\\sby|or|like|and|union(\\s+all)?|having|order\\sby|limit|(inner|cross)\\s+join|join|full\\s+outer\\s+join|(left|right)(\\s+outer)?\\s+join|natural(\\s+(left|right)(\\s+outer)?)?\\s+join))\\b"
				},
				{
					"name": "keyword.control.sql.dml.z.fetch",
					"match": "\\b(?i)((FETCH\\s+(FIRST|NEXT)?)\\s[0-9]+\\s+(ROW(S)?\\s+ONLY)|OFFSET\\s[0-9]+\\s+(ROW(S)?))\\b"
				},
				{
					"name":"keyword.control.sql.dml.z.between",
					"match":"\\b(?i)(BETWEEN\\s[0-9]+\\sAND\\s[0-9]+|NEXT\\s+VALUE\\s+FOR\\s+)\\b"
				},
				{
					"name":"keyword.control.sql.dml.z.1",
					"match": "\\b(?i)((IS\\s+)?NOT\\s+)?NULL\\b"
				}
			]
		},
		"tcl": {
			"patterns": [
			  {
				"name": "keyword.control.sql.z.tcl",
				"match": "\\b(?i)(COMMIT|SAVEPOINT|UNIQUE|RELEASE(\\s+TO)?\\s+SAVEPOINT|ROLLBACK(\\s+TO\\s+SAVEPOINT)?)\\b"
			  },
			  {
				"name": "keyword.control.sql.z.general",
				"match": "\\b(?i)(ON\\s+ROLLBACK\\s+RETAIN(\\s+(CURSOR|LOCK)S))\\b"
			  }
			]
		},
		"dcl": {
			"patterns": [
			  {
				"name": "keyword.control.sql.dcl.z.collection",
				"match": "\\b(?i)((GRANT|REVOKE)\\s+(CREATE|PACKADM)\\s+(ON|IN)\\s+COLLECTION)\\b"
			  },
			  {
				"name": "keyword.control.sql.dcl.z.database",
				"match": "\\b(?i)((GRANT|REVOKE)\\s+(DBADM|DBCTRL|DBMAINT|CREATETAB|CREATETS|DISPLAYDB|DROP|IMAGCOPY|LOAD|RECOVERDB|REORG|REPAIR|STARTDB|STATS|STOPDB)(\\s*,\\s*(DBADM|DBCTRL|DBMAINT|CREATETAB|CREATETS|DISPLAYDB|DROP|IMAGCOPY|LOAD|RECOVERDB|REORG|REPAIR|STARTDB|STATS|STOPDB))*\\s+ON\\s+DATABASE)\\b"
			  },
			  {
				"name": "keyword.control.sql.dcl.z.function-or-procedure",
				"match": "\\b(?i)((GRANT|REVOKE)\\s+EXECUTE\\s+ON\\s+(((SPECIFIC\\s+)?FUNCTION)|PROCEDURE))\\b"
			  },
			  {
				"name": "keyword.control.sql.dcl.z.package",
				"match": "\\b(?i)((GRANT|REVOKE)\\s+(ALL|((BIND|COPY|EXECUTE|RUN)(\\s*,\\s*(BIND|COPY|EXECUTE|RUN))*))\\s+ON\\s+PACKAGE)\\b"
			  },
			  {
				"name": "keyword.control.sql.dcl.z.plan",
				"match": "\\b(?i)((GRANT|REVOKE)\\s+((BIND|EXECUTE)(\\s*,\\s*(BIND|EXECUTE))*)\\s+ON\\s+PLAN)\\b"
			  },
			  {
				"name": "keyword.control.sql.dcl.z.schema",
				"match": "\\b(?i)((GRANT|REVOKE)\\s+((ALTERIN|CREATEIN|DROPIN)(\\s*,\\s*(ALTERIN|CREATEIN|DROPIN))*)\\s+ON\\s+SCHEMA)\\b"
			  },
			  {
				"name": "keyword.control.sql.dcl.z.sequence",
				"match": "\\b(?i)((GRANT|REVOKE)\\s+((ALTER|USAGE)(\\s*,\\s*(ALTER|USAGE))*)\\s+ON\\s+SEQUENCE)\\b"
			  },
			  {
				"name": "keyword.control.sql.dcl.z.system",
				"match": "\\b(?i)((GRANT|REVOKE)\\s+((ACCESSCTRL|ARCHIVE|BIND(ADD|AGENT)|BSDS|CREATE(ALIAS|DBA|DBC|SG|TMTAB)|CREATE_SECURE_OBJECT|DATAACCESS|DBADM(\\s+WITH(OUT)?\\s+ACCESSCTRL)?(\\s+WITH(OUT)? DATAACCESS)?|DEBUGSESSION|DISPLAY|EXPLAIN|MONITOR(1|2)|RECOVER|SQLADM|STOPALL|STOSPACE|SYS(ADM|CTRL|OPR)|TRACE)(\\s*,\\s*(ACCESSCTRL|ARCHIVE|BIND(ADD|AGENT)|BSDS|CREATE(ALIAS|DBA|DBC|SG|TMTAB)|CREATE_SECURE_OBJECT|DATAACCESS|DBADM(\\s+WITH(OUT)?\\s+ACCESSCTRL)?(\\s+WITH(OUT)? DATAACCESS)?|DEBUGSESSION|DISPLAY|EXPLAIN|MONITOR(1|2)|RECOVER|SQLADM|STOPALL|STOSPACE|SYS(ADM|CTRL|OPR)|TRACE))*)(\\s+ON\\s+SYSTEM)?)\\b"
			  },
			  {
				"name": "keyword.control.sql.dcl.z.variable",
				"match": "\\b(?i)((GRANT|REVOKE)\\s+(ALL(\\s+PRIVILEGES)?|(READ|WRITE)(\\s*,\\s*(READ|WRITE))*)\\s+ON\\s+VARIABLE)\\b"
			  },
			  {
				"name": "keyword.control.sql.dcl.z.table-or-view",
				"match": "\\b(?i)((GRANT|REVOKE)\\s+(ALL(\\s+PRIVILEGES)?|(ALTER|DELETE|INDEX|INSERT|REFERENCES(\\s*\\(.+\\))?|SELECT|TRIGGER|UNLOAD|UPDATE(\\s*\\(.+\\))?)(\\s*,\\s*(ALTER|DELETE|INDEX|INSERT|REFERENCES(\\s*\\(.+\\))?|SELECT|TRIGGER|UNLOAD|UPDATE(\\s*\\(.+\\))?))*)\\s+ON(\\s+TABLE)?)\\b"
			  },
			  {
				"name": "keyword.control.sql.dcl.z.type-or-jar",
				"match": "\\b(?i)((GRANT|REVOKE)\\s+USAGE\\s+ON\\s+(TYPE|JAR))\\b"
			  },
			  {
				"name": "keyword.control.sql.dcl.z.use",
				"match": "\\b(?i)((GRANT|REVOKE)\\s+USE\\s+OF\\s+(BUFFERPOOL|ALL\\s+BUFFERPOOLS|STOGROUP|TABLESPACE))\\b"
			  },
			  {
				"name": "keyword.control.sql.dcl.z",
				"match": "\\b(?i)(GRANT|REVOKE(?!\\s+PRIVILEGES)|TRANSFER\\s+OWNERSHIP\\s+OF\\s+(DATABASE|INDEX|STOGROUP|TABLE(SPACE)?|VIEW))\\b"
			  },
			  {
				"name": "keyword.control.sql.dcl.z.grant",
				"match": "\\b(?i)(WITH\\s+GRANT\\s+OPTION)\\b"
			  },
			  {
				"name": "keyword.control.sql.dcl.z.revoke",
				"match": "\\b(?i)(BY(\\s+ALL)?|(NOT\\s+)?INCLUDING\\s+DEPENDENT\\s+PRIVILEGES)\\b"
			  },
			  {
				"name": "keyword.control.sql.dcl.z.1",
				"match": "\\b(?i)(PUBLIC(?!\\s+ALIAS)|REVOKE\\s+PRIVILEGES)\\b"
			  }
			]
		}
	},
	"scopeName": "source.db2_z"
}