{
	"$schema": "https://raw.githubusercontent.com/martinring/tmlanguage/master/tmlanguage.json",
	"name": "Db2i",
	"patterns": [
		{
			"include": "#keywords"
		},
		{
			"include": "#constants"
		},
		{
			"include": "#strings"
		},
		{
			"include": "#comments"
		},
		{
			"include": "#datatype"
		},
		{
			"include": "#ddl"
		},
		{
			"include": "#dml"
		},
		{
			"include": "#dcl"
		},
		{
			"include": "#tcl"
		}
	],
	"repository": {
		"keywords":{
			"patterns": [
				{
					"name":"keyword.control.sql.i.functions",
					"match":"\\b(?i)(DATE_ADD|DATE_SUB|CURRENT_DATE|DATE_FORMAT|CAST|CHAR_LENGTH|avg|checksum_agg|count|count_big|grouping|grouping_id|max|min|sum|stdev|stdevp|var|varp)\\b"
				}
			]
		},
		"datatype":{
			"patterns": [
				{
					"name": "keyword.contol.datatype.i.sql",
					"match": "\\b(?i)((SMALL|BIG)?INT|INTEGER|DEC(IMAL|FLOAT)?|NUMERIC|FLOAT|REAL|DOUBLE(\\s+PRECISION)?|CHAR(ACTER)?(\\s+SIZE)?|VARCHAR?(\\s+SIZE)?|(((DB)?C)|B)LOB|(VAR)?GRAPHIC|(VAR)?BINARY|DATE(?!\\s+FORMAT)|TIME(?!\\s+FORMAT)|TIMESTAMP|WITH(OUT)?\\s+TIME(\\s+)?ZONE|ROWID|XML)\\b"
				}
			]
		},
		"constants": {
			"patterns": [
				{
					"name": "constant.character.i.sql",
					"match": "(<|>|=|!)"
				},
				{
					"name": "constant.numeric.i.sql",
					"match": "\\b[0-9]+\\b"
				}
			]
		},
		"strings": {
			"patterns":[
				{
					"name": "string.quoted.single.i.sql",
					"begin": "'",
					"end": "'",
					"patterns": [
					  {
						"name": "constant.character.escape.i.sql",
						"match": "\\\\."
					  }
					]
				},
				{
					"name": "string.quoted.double.i.sql",
					"begin": "\"",
					"end": "\"",
					"patterns": [
						{
							"name": "constant.character.escape.i.sql",
							"match": "\\\\."
						}
					]
				}
			]
		},
		"comments": {
			"patterns": [
			  {
				"name": "comment.line.double-dash.i.sql",
				"begin": "--",
				"end": "\n"
			  },
			  {
				"name": "comment.block.i.sql",
				"begin": "/[*]",
				"end": "[*](/)"
			  }
			]
		},
		"ddl": {
			"patterns": [
				{
					"name": "keyword.control.sql.ddl.i.create",
					"match": "\\b(?i)(CREATE\\s+((UNIQUE\\s+(WHERE NOT NULL\\s+)?)?INDEX|SCHEMA|TYPE|(OR\\s+REPLACE\\s+)?ALIAS|(OR\\s+REPLACE\\s+)?FUNCTION|(OR\\s+REPLACE\\s+)?MASK|(OR\\s+REPLACE\\s+)?PERMISSION|(OR\\s+REPLACE\\s+)?PROCEDURE|(OR\\s+REPLACE\\s+)?SEQUENCE|(OR\\s+REPLACE\\s+)?TABLE|(OR\\s+REPLACE\\s+)?TRIGGER|(OR\\s+REPLACE\\s+)?VARIABLE|(OR\\s+REPLACE\\s+)?VIEW)?)\\b"
				},
				{
					"name": "keyword.control.sql.ddl.i.drop",
					"match": "\\b(?i)(DROP(\\s+)(ALIAS|(SPECIFIC\\s+)?FUNCTION|(SPECIFIC\\s+)?ROUTINE|INDEX|MASK|PACKAGE|PERMISSION|(SPECIFIC\\s+)?PROCEDURE|SCHEMA|SEQUENCE|TABLE|TRIGGER|VARAIABLE|VIEW|XSROBJECT)?)\\b"
				},
				{
					"name": "keyword.control.sql.ddl.i.alter",
					"match": "\\b(?i)(ALTER\\s+((SPECIFIC\\s+)?FUNCTION|INDEX|MASK|PERMISSION|(SPECIFIC\\s+)?PROCEDURE|SEQUENCE|TABLE|TRIGGER))\\b"
				},
				{
					"name": "keyword.control.sql.ddl.i.rename",
					"match": "\\b(?i)(RENAME\\s+(TABLE(SPACE)?|INDEX))\\b"
				},
				{
					"name": "keyword.control.sql.ddl.i.delete",
					"match": "\\b(?i)(DELETE\\s+FROM)\\b"
				},
				{
					"name": "keyword.control.sql.ddl.i.truncate",
					"match": "\\b(?i)(TRUNCATE\\s+TABLE)\\b"
				},
				{
					"name": "keyword.control.sql.ddl.i.1",
					"match": "\\b(?i)((PRIMARY|FOREIGN)\\s+KEY|NOT\\s+NULL|NULL|WITH\\s+DEFAULT|REFERENCES|GENERATED\\s+BY\\s+DEFAULT\\s+AS\\s+IDENTITY|START\\s+WITH|CHECK|IN(OUT)?|OUT)\\b"
				},
				{
					"name": "keyword.control.sql.ddl.i.2",
					"match": "\\b(?i)(DATE_ADD|DATE_SUB|CURRENT_DATE|DATE_FORMAT|CAST|CHAR_LENGTH|avg|checksum_agg|count|count_big|grouping|grouping_id|max|min|sum|stdev|stdevp|var|varp)\\b"
				},
				{
					"name": "keyword.control.sql.ddl.i.3",
					"match": "\\b(?i)(ASC|DESC|TO|CALL|IS|ON|FOR|DISTINCT|NOT|TOP|PERCENT|BETWEEN|EXISTS|ANY|CASE|ELSE|THEN|WHEN|SOME)\\b"
				},
				{
					"name": "keyword.control.sql.ddl.i.truncate_attributes",
					"match": "\\b(?i)(DROP STORAGE|REUSE STORAGE|IGNORE DELETE TRIGGERS|RESTRICT WHEN DELETE TRIGGERS|CONTINUE IDENTITY|RESTART IDENTITY|IMMEDIATE)\\b"
				},
				{
					"name": "keyword.control.sql.ddl.i.sp_attributes",
					"match": "\\b(?i)(NOT DETERMINISTIC|DETERMINISTIC|DECLARE|OPEN|CURRENT DATE|BEGIN|END|LANGUAGE|DYNAMIC RESULT SETS|CONTAINS SQL|READS SQL DATA|MODIFIES SQL DATA|CALLED ON NULL INPUT|PROGRAM NAME|FENCED|NOT FENCED|SQL|CURSOR WITH RETURN FOR|CURSOR FOR|RESULT SETS|DECLARE EXIT HANDLER FOR NOT FOUND|OLD SAVEPOINT LEVEL|NEW SAVEPOINT LEVEL|INHERIT SPECIAL REGISTERS|EXTERNAL ACTION|NO EXTERNAL ACTION|PARAMETER CCSID|ASCII|UNICODE|AUTONOMOUS|RETURN|DISALLOW DEBUG MODE|ALLOW DEBUG MODE|DISABLE DEBUG MODE|PROGRAM TYPE MAIN|PROGRAM TYPE SUB|CONCURRENT ACCESS RESOLUTION|SYSTEM_TIME SENSITIVE YES|SYSTEM_TIME SENSITIVE NO)\\b"
				}
			]
		},
		"dml": {
			"patterns": [
				{
					"name":"keyword.control.sql.dml.i.select",
					"match": "\\b(?i)((select(\\s+distinct)?|insert\\s+(ignore\\s+)?into|update|delete|from|AS|VALUES|INTO|set|where|group\\sby|or|like|and|union(\\s+all)?|having|order\\sby|limit|(inner|cross)\\s+join|join|full\\s+outer\\s+join|(left|right)(\\s+outer)?\\s+join|natural(\\s+(left|right)(\\s+outer)?)?\\s+join))\\b"
				},
				{
					"name": "keyword.control.sql.dml.i.fetch",
					"match": "\\b(?i)((FETCH\\s+(FIRST|NEXT)?)\\s[0-9]+\\s+(ROW(S)?\\s+ONLY)|OFFSET\\s[0-9]+\\s+(ROW(S)?))\\b"
				},
				{
					"name":"keyword.control.sql.dml.i.between",
					"match":"\\b(?i)(BETWEEN\\s[0-9]+\\sAND\\s[0-9]+|NEXT\\s+VALUE\\s+FOR\\s+)\\b"
				},
				{
					"name":"keyword.control.sql.dml.i.1",
					"match": "\\b(?i)((IS\\s+)?NOT\\s+)?NULL\\b"
				}
			]
		},
		"tcl": {
			"patterns": [
			  {
				"name": "keyword.control.sql.tcl.i",
				"match": "\\b(?i)(COMMIT|SAVEPOINT|UNIQUE|RELEASE(\\s+TO)?\\s+SAVEPOINT|ROLLBACK(\\s+TO\\s+SAVEPOINT)?)\\b"
			  },
			  {
				"name": "keyword.control.sql.i.general",
				"match": "\\b(?i)(ON\\s+ROLLBACK\\s+RETAIN(\\s+(CURSOR|LOCK)S))\\b"
			  }
			]
		},
		"dcl": {
			"patterns": [
				{
					"name": "keyword.control.sql.dcl.i.function-or-procedure-or-routine",
					"match": "\\b(?i)((GRANT|REVOKE)\\s+(ALL(\\s+PRIVILEGES)?|(ALTER|EXECUTE)(\\s*,\\s*(ALTER|EXECUTE))*)\\s+ON\\s+((((SPECIFIC\\s+)?FUNCTION)|((SPECIFIC\\s+)?PROCEDURE)|((SPECIFIC\\s+)?ROUTINE))(\\s*,\\s*(((SPECIFIC\\s+)?FUNCTION)|((SPECIFIC\\s+)?PROCEDURE)|((SPECIFIC\\s+)?ROUTINE)))*))\\b"
				},
				{
					"name": "keyword.control.sql.dcl.i.package",
					"match": "\\b(?i)((GRANT|REVOKE)\\s+(ALL(\\s+PRIVILEGES)?|(ALTER|EXECUTE)(\\s*,\\s*(ALTER|EXECUTE))*)\\s+ON\\s+PACKAGE)\\b"
				},
				{
					"name": "keyword.control.sql.dcl.i.schema",
					"match": "\\b(?i)((GRANT|REVOKE)\\s+(ALL(\\s+PRIVILEGES)?|(CREATEIN|USAGE)(\\s*,\\s*(CREATEIN|USAGE))*)\\s+ON\\s+SCHEMA)\\b"
				},
				{
					"name": "keyword.control.sql.dcl.i.sequence",
					"match": "\\b(?i)((GRANT|REVOKE)\\s+((ALTER|USAGE)(\\s*,\\s*(ALTER|USAGE))*)\\s+ON\\s+SEQUENCE)\\b"
				},
				{
					"name": "keyword.control.sql.dcl.i.table-or-view",
					"match": "\\b(?i)((GRANT|REVOKE)\\s+(ALL(\\s+PRIVILEGES)?|(ALTER|DELETE|INDEX|INSERT|REFERENCES(\\s*\\(.+\\))?|SELECT|UPDATE(\\s*\\(.+\\))?)(\\s*,\\s*(ALTER|DELETE|INDEX|INSERT|REFERENCES(\\s*\\(.+\\))?|SELECT|UPDATE(\\s*\\(.+\\))?))*)\\s+ON(\\s+TABLE)?)\\b"
				},
				{
					"name": "keyword.control.sql.dcl.i.type",
					"match": "\\b(?i)((GRANT|REVOKE)\\s+(ALL(\\s+PRIVILEGES)?|(ALTER|USAGE)(\\s*,\\s*(ALTER|USAGE))*)\\s+ON\\s+(TYPE))\\b"
				},
				{
					"name": "keyword.control.sql.dcl.i.variable",
					"match": "\\b(?i)((GRANT|REVOKE)\\s+(ALL(\\s+PRIVILEGES)?|(READ|WRITE)(\\s*,\\s*(READ|WRITE))*)\\s+ON\\s+VARIABLE)\\b"
				},
				{
					"name": "keyword.control.sql.dcl.i.xsrobject",
					"match": "\\b(?i)((GRANT|REVOKE)\\s+(ALL(\\s+PRIVILEGES)?|(ALTER|USAGE)(\\s*,\\s*(ALTER|USAGE))*)\\s+ON\\s+XSROBJECT)\\b"
				},
				{
					"name": "keyword.control.sql.dcl.i.grant",
					"match": "\\b(?i)(WITH\\s+GRANT\\s+OPTION)\\b"
				},
				{
					"name": "keyword.control.sql.dcl.i.revoke",
					"match": "\\b(?i)(BY(\\s+ALL)?|(NOT\\s+)?INCLUDING\\s+DEPENDENT\\s+PRIVILEGES)\\b"
				},
				{
					"name": "keyword.control.sql.dcl.i",
					"match": "\\b(?i)(PUBLIC(?!\\s+ALIAS)|REVOKE\\s+PRIVILEGES)\\b"
				},
				{
					"name": "keyword.control.sql.dcl.i.others",
					"match": "\\b(?i)(FROM|TO|BY ALL|FOR|USER|GROUP|ROLE|PUBLIC)\\b"
				}
			]
		}
	},
	"scopeName": "source.db2_i"
}